City_ID,City,Lat,Lng,Max Temp,Humidity,Cloudiness,Wind Speed,Country,Date
0,Sambava,-14.2667,50.1667,292.92,79,13,3.87,MG,2022-10-20 00:06:03
1,Kapaa,22.0752,-159.319,300.33,74,75,8.75,US,2022-10-20 00:06:03
2,Tasiilaq,65.6145,-37.6368,274.24,97,100,3.44,GL,2022-10-20 00:06:04
3,Bredasdorp,-34.5322,20.0403,287.78,91,93,3.9,ZA,2022-10-20 00:06:04
4,Ribeira Grande,38.5167,-28.7,291.91,76,100,4.02,PT,2022-10-20 00:06:05
5,Grindavik,63.8424,-22.4338,278.41,93,75,5.66,IS,2022-10-20 00:06:06
6,Beira,-19.8436,34.8389,296.72,79,98,2.28,MZ,2022-10-20 00:06:06
7,Novyy Rogachik,48.6768,44.0608,282.65,59,100,2.65,RU,2022-10-20 00:06:07
8,Bom Jesus,-9.0744,-44.3586,304.21,28,78,2.58,BR,2022-10-20 00:06:08
9,Bluff,-46.6,168.3333,286.93,74,96,15.16,NZ,2022-10-20 00:06:09
10,Cabo San Lucas,22.8909,-109.9124,303.49,69,0,5.66,MX,2022-10-20 00:04:43
11,Asau,46.4333,26.4,281.66,90,64,1.04,RO,2022-10-20 00:06:11
12,San Cristobal,7.7669,-72.225,293.01,97,97,0.64,VE,2022-10-20 00:06:11
13,Podkumskiy,44.0756,43.2103,280.58,100,40,4.0,RU,2022-10-20 00:06:12
14,Hermanus,-34.4187,19.2345,289.15,90,88,5.34,ZA,2022-10-20 00:06:13
15,Butaritari,3.0707,172.7902,300.74,70,100,6.2,KI,2022-10-20 00:06:13
16,Pilar,-9.5972,-35.9567,294.51,84,40,2.09,BR,2022-10-20 00:06:13
17,Kasongo-Lunda,-6.4667,16.8167,294.19,97,64,0.65,CD,2022-10-20 00:06:14
18,Talnakh,69.4865,88.3972,273.27,97,100,5.95,RU,2022-10-20 00:06:15
19,Punta Arenas,-53.15,-70.9167,277.21,70,0,4.12,CL,2022-10-20 00:06:15
20,Avarua,-21.2078,-159.775,300.18,65,100,7.2,CK,2022-10-20 00:06:16
21,Daru,-9.0763,143.2092,301.71,74,91,3.36,PG,2022-10-20 00:06:16
22,Tiksi,71.6872,128.8694,263.88,88,93,6.55,RU,2022-10-20 00:06:17
23,Beringovskiy,63.05,179.3167,275.78,90,18,4.61,RU,2022-10-20 00:06:18
24,Alofi,-19.0595,-169.9187,298.77,72,1,1.12,NU,2022-10-20 00:06:18
25,Saint George,37.1041,-113.5841,302.56,15,0,1.54,US,2022-10-20 00:03:23
26,Dikson,73.5069,80.5464,273.26,98,100,9.03,RU,2022-10-20 00:06:19
27,Akcaabat,41.0212,39.5715,292.08,82,75,2.06,TR,2022-10-20 00:06:19
28,Jamestown,42.097,-79.2353,278.92,96,100,6.17,US,2022-10-20 00:06:20
29,Mount Isa,-20.7333,139.5,300.02,39,0,3.6,AU,2022-10-20 00:06:20
30,Ponta Delgada,37.7333,-25.6667,291.55,82,40,6.69,PT,2022-10-20 00:03:01
31,Preobrazheniye,42.9019,133.9064,285.44,74,0,6.12,RU,2022-10-20 00:06:21
32,Olafsvik,64.8945,-23.7142,280.21,82,100,8.41,IS,2022-10-20 00:06:21
33,Puerto Ayora,-0.7393,-90.3518,293.15,85,93,4.51,EC,2022-10-20 00:06:22
34,Gautier,30.3858,-88.6117,286.2,73,0,1.97,US,2022-10-20 00:04:13
35,Taoudenni,22.6783,-3.9836,302.6,15,73,6.57,ML,2022-10-20 00:06:23
36,Albany,42.6001,-73.9662,280.86,70,99,3.12,US,2022-10-20 00:00:28
37,Hobart,-42.8794,147.3294,291.51,57,20,2.57,AU,2022-10-20 00:02:27
38,Kahului,20.8947,-156.47,304.16,61,40,4.63,US,2022-10-20 00:06:24
39,Komsomolskiy,40.4272,71.7189,277.55,87,15,1.03,UZ,2022-10-20 00:06:24
40,Lavrentiya,65.5833,-171.0,275.4,87,100,11.53,RU,2022-10-20 00:06:25
41,Sabha,27.0377,14.4283,294.4,45,82,2.64,LY,2022-10-20 00:06:25
42,Thompson,55.7435,-97.8558,275.27,90,20,1.74,CA,2022-10-20 00:06:26
43,Busselton,-33.65,115.3333,289.88,81,97,3.94,AU,2022-10-20 00:06:26
44,Gander,48.9682,-54.5906,283.39,95,85,2.78,CA,2022-10-20 00:03:33
45,Longyearbyen,78.2186,15.6401,271.06,59,40,7.2,SJ,2022-10-20 00:06:27
46,Ambilobe,-13.2,49.05,291.97,76,3,2.13,MG,2022-10-20 00:07:28
47,Dembi Dolo,8.5333,34.8,286.98,93,100,1.49,ET,2022-10-20 00:07:28
48,Emba,48.8264,58.1442,281.43,57,62,5.92,KZ,2022-10-20 00:07:28
49,Torbay,47.6666,-52.7314,286.8,95,15,0.89,CA,2022-10-20 00:05:42
50,Tanout,14.9709,8.8879,299.5,23,9,4.24,NE,2022-10-20 00:07:29
51,Turukhansk,65.8167,87.9833,273.93,97,100,7.97,RU,2022-10-20 00:07:29
52,Nhamunda,-2.1861,-56.7131,300.25,70,100,1.43,BR,2022-10-20 00:07:30
53,Tura,25.5198,90.2201,292.56,77,19,2.17,IN,2022-10-20 00:07:30
54,Algiers,36.7525,3.042,290.05,68,0,1.03,DZ,2022-10-20 00:07:31
55,Jacareacanga,-6.2222,-57.7528,296.99,92,58,0.4,BR,2022-10-20 00:07:31
56,Pemangkat,1.1667,108.9667,299.05,85,99,2.07,ID,2022-10-20 00:07:32
57,Ushuaia,-54.8,-68.3,276.96,81,75,10.29,AR,2022-10-20 00:07:32
58,Barrow,71.2906,-156.7887,268.16,86,0,2.57,US,2022-10-20 00:07:33
59,Zhigansk,66.7697,123.3711,260.83,92,96,3.02,RU,2022-10-20 00:07:33
60,Majene,-3.5403,118.9707,300.56,80,100,1.46,ID,2022-10-20 00:04:35
61,Ugoofaaru,5.6667,73.0,300.43,78,95,8.12,MV,2022-10-20 00:07:34
62,Kieta,-6.2167,155.6333,303.4,57,93,2.06,PG,2022-10-20 00:07:34
63,Vaini,-21.2,-175.2,296.24,100,100,2.57,TO,2022-10-20 00:07:35
64,Dharchula,29.85,80.5333,285.72,65,21,2.5,IN,2022-10-20 00:07:35
65,Hualmay,-11.0964,-77.6139,289.81,83,48,4.56,PE,2022-10-20 00:07:35
66,Fengkou,30.0833,113.2667,289.23,35,99,1.63,CN,2022-10-20 00:07:36
67,Kaeo,-35.1,173.7833,290.97,52,41,4.5,NZ,2022-10-20 00:07:36
68,Karasjok,69.4719,25.5112,273.6,82,92,5.98,NO,2022-10-20 00:07:37
69,Ancud,-41.8697,-73.8203,284.39,89,98,6.43,CL,2022-10-20 00:07:37
70,Leh,34.1667,77.5833,272.99,76,100,2.32,IN,2022-10-20 00:02:44
71,Pundaguitan,6.3711,126.1689,301.56,74,100,2.11,PH,2022-10-20 00:07:38
72,Yellowknife,62.456,-114.3525,280.44,100,75,3.09,CA,2022-10-20 00:07:38
73,Japura,-0.3167,102.35,297.58,95,100,0.79,ID,2022-10-20 00:07:38
74,Miraflores,19.2167,-98.8083,288.13,84,100,1.46,MX,2022-10-20 00:07:39
75,Rikitea,-23.1203,-134.9692,294.69,69,98,8.08,PF,2022-10-20 00:05:00
76,Kaohsiung,22.6163,120.3133,300.95,72,40,1.03,TW,2022-10-20 00:07:39
77,Visakhapatnam,17.69,83.2093,299.09,94,40,1.03,IN,2022-10-20 00:07:40
78,Victoria,22.2855,114.1577,297.69,67,85,2.68,HK,2022-10-20 00:03:20
79,Kaitangata,-46.2817,169.8464,286.79,48,69,7.56,NZ,2022-10-20 00:07:40
80,Cape Town,-33.9258,18.4232,290.44,78,61,0.89,ZA,2022-10-20 00:07:35
81,Pontevedra,42.431,-8.6444,289.9,88,16,4.44,ES,2022-10-20 00:07:41
82,Saskylakh,71.9167,114.0833,257.22,95,94,1.68,RU,2022-10-20 00:07:41
83,Mataura,-46.1927,168.8643,286.75,59,71,5.36,NZ,2022-10-20 00:07:42
84,Bahia De Caraquez,-0.6,-80.4167,295.25,84,100,4.3,EC,2022-10-20 00:07:42
85,Buraydah,26.326,43.975,296.71,14,1,3.5,SA,2022-10-20 00:07:43
86,Sitka,57.0531,-135.33,285.09,76,100,8.75,US,2022-10-20 00:07:43
87,Stephenville,32.2207,-98.2023,293.57,35,0,2.57,US,2022-10-20 00:04:12
88,Oktyabrskoye,43.0645,44.7417,281.23,100,71,2.0,RU,2022-10-20 00:07:44
89,East London,-33.0153,27.9116,296.65,74,51,4.34,ZA,2022-10-20 00:07:44
90,Kankon,15.0167,74.0167,297.72,90,96,2.0,IN,2022-10-20 00:07:45
91,Oriximina,-1.7656,-55.8661,299.99,76,98,1.81,BR,2022-10-20 00:08:45
92,Rawson,-43.3002,-65.1023,295.42,32,81,2.26,AR,2022-10-20 00:08:45
93,Avera,33.194,-82.5271,282.88,39,0,3.07,US,2022-10-20 00:08:46
94,Muros,42.7762,-9.0603,288.53,90,26,11.13,ES,2022-10-20 00:08:46
95,La Palma,33.8464,-118.0467,309.18,26,40,5.14,US,2022-10-20 00:08:47
96,Tautira,-17.7333,-149.15,298.11,78,9,5.06,PF,2022-10-20 00:08:47
97,Rognan,67.0953,15.3878,279.29,96,100,1.71,NO,2022-10-20 00:08:47
98,Chkalovsk,56.7647,43.2433,277.49,80,42,2.94,RU,2022-10-20 00:08:48
99,Clyde River,70.4692,-68.5914,265.5,75,100,2.99,CA,2022-10-20 00:08:48
100,Carnarvon,-24.8667,113.6333,293.3,73,11,4.48,AU,2022-10-20 00:08:49
101,Muravlenko,63.7898,74.523,275.51,97,100,6.41,RU,2022-10-20 00:08:49
102,The Valley,18.217,-63.0578,300.98,75,2,7.25,AI,2022-10-20 00:08:49
103,Axim,4.8699,-2.2405,298.1,88,31,3.24,GH,2022-10-20 00:08:50
104,Yokadouma,3.5167,15.05,294.06,99,100,0.5,CM,2022-10-20 00:08:50
105,Faanui,-16.4833,-151.75,298.98,75,13,2.86,PF,2022-10-20 00:08:50
106,Ilulissat,69.2167,-51.1,270.16,86,100,1.54,GL,2022-10-20 00:08:51
107,Chuy,-33.6971,-53.4616,287.79,97,24,2.84,UY,2022-10-20 00:08:51
108,Luderitz,-26.6481,15.1594,288.44,91,8,7.62,NA,2022-10-20 00:08:51
109,Nsoko,-27.0333,31.95,292.96,85,71,1.29,SZ,2022-10-20 00:08:52
110,Namibe,-15.1961,12.1522,290.37,89,24,2.6,AO,2022-10-20 00:08:52
111,Atuona,-9.8,-139.0333,298.06,73,2,5.61,PF,2022-10-20 00:07:29
112,Olinda,-8.0089,-34.8553,298.06,74,8,5.76,BR,2022-10-20 00:08:53
113,Ishigaki,24.3448,124.1572,297.71,73,100,12.32,JP,2022-10-20 00:08:53
114,Inuvik,68.3499,-133.7218,269.57,93,100,4.12,CA,2022-10-20 00:07:39
115,Dingle,10.9995,122.6711,300.08,82,99,0.7,PH,2022-10-20 00:08:54
116,Hue,16.4667,107.6,294.21,83,75,5.14,VN,2022-10-20 00:08:54
117,Hobyo,5.3505,48.5268,298.44,84,50,7.86,SO,2022-10-20 00:08:54
118,Hithadhoo,-0.6,73.0833,299.89,78,96,3.52,MV,2022-10-20 00:08:55
119,Tuktoyaktuk,69.4541,-133.0374,270.67,88,100,3.07,CA,2022-10-20 00:08:55
120,Yar-Sale,66.8333,70.8333,274.61,96,99,7.32,RU,2022-10-20 00:08:55
121,Maraa,-1.8333,-65.3667,296.94,97,100,0.87,BR,2022-10-20 00:08:56
122,Kodiak,57.79,-152.4072,283.88,50,0,3.09,US,2022-10-20 00:08:56
123,Half Moon Bay,37.4636,-122.4286,306.18,44,0,8.75,US,2022-10-20 00:08:56
124,Santo Andre,-23.6639,-46.5383,296.77,74,0,1.03,BR,2022-10-20 00:06:47
125,Orlik,52.5178,99.825,268.67,70,70,1.55,RU,2022-10-20 00:08:57
126,San Carlos De Bariloche,-41.1456,-71.3082,284.27,63,59,4.3,AR,2022-10-20 00:08:57
127,Camana,-16.6228,-72.7111,290.23,82,47,3.47,PE,2022-10-20 00:08:57
128,Mahajanga,-15.7167,46.3167,294.16,64,0,2.57,MG,2022-10-20 00:08:58
129,Castro,-24.7911,-50.0119,289.92,93,43,0.97,BR,2022-10-20 00:07:22
130,Yamada,39.4667,141.95,286.7,52,1,1.02,JP,2022-10-20 00:08:58
131,Bilibino,68.0546,166.4372,264.65,92,43,2.34,RU,2022-10-20 00:08:59
132,Port Elizabeth,-33.918,25.5701,294.31,83,0,10.29,ZA,2022-10-20 00:08:59
133,Broome,42.2506,-75.833,279.74,77,100,4.63,US,2022-10-20 00:08:59
134,Santa Rosa,14.3122,121.1114,300.98,87,100,1.43,PH,2022-10-20 00:09:00
135,Chokurdakh,70.6333,147.9167,252.65,100,100,2.06,RU,2022-10-20 00:09:00
136,Bethel,41.3712,-73.414,282.31,73,20,0.0,US,2022-10-20 00:09:01
137,Yumen,40.2833,97.2,277.68,58,16,4.23,CN,2022-10-20 00:09:01
138,Sitio Novo Do Tocantins,-5.5183,-47.4611,301.49,45,84,1.59,BR,2022-10-20 00:09:01
139,Zhuanghe,39.7008,122.9911,286.38,67,48,2.12,CN,2022-10-20 00:10:02
140,Leningradskiy,69.3833,178.4167,273.16,96,100,10.78,RU,2022-10-20 00:10:03
141,Kimbe,-5.5502,150.1429,305.13,57,94,0.88,PG,2022-10-20 00:10:03
142,Ust-Omchug,61.15,149.6333,259.27,83,100,2.48,RU,2022-10-20 00:06:35
143,Portland,45.5234,-122.6762,298.46,55,20,2.57,US,2022-10-20 00:08:18
144,Upernavik,72.7868,-56.1549,266.02,87,100,2.62,GL,2022-10-20 00:09:25
145,Porto Belo,-27.1578,-48.5531,294.7,94,27,1.8,BR,2022-10-20 00:10:06
146,Maryville,35.7565,-83.9705,283.42,64,0,2.57,US,2022-10-20 00:05:34
147,Dudinka,69.4058,86.1778,274.61,97,100,8.82,RU,2022-10-20 00:10:08
148,Mount Gambier,-37.8333,140.7667,291.28,55,12,3.96,AU,2022-10-20 00:10:08
149,Ponta Do Sol,32.6667,-17.1,297.04,79,100,4.06,PT,2022-10-20 00:10:09
150,Gostyn,51.8825,17.0123,277.83,80,2,2.05,PL,2022-10-20 00:10:10
151,Pitimbu,-7.4706,-34.8086,297.48,74,12,6.19,BR,2022-10-20 00:10:10
152,Saint Anthony,45.0205,-93.218,281.11,29,0,3.09,US,2022-10-20 00:10:11
153,Sanford,28.8006,-81.2731,289.89,64,0,4.63,US,2022-10-20 00:10:12
154,Anadyr,64.75,177.4833,276.43,93,100,5.0,RU,2022-10-20 00:10:13
155,Hilo,19.7297,-155.09,304.97,73,40,4.12,US,2022-10-20 00:09:58
156,Saldanha,-33.0117,17.9442,288.49,89,64,4.58,ZA,2022-10-20 00:10:14
157,New Norfolk,-42.7826,147.0587,291.32,49,52,0.89,AU,2022-10-20 00:10:14
158,Arman,59.7,150.1667,268.82,49,82,3.36,RU,2022-10-20 00:10:15
159,Agirish,61.9247,63.0231,274.26,84,96,4.44,RU,2022-10-20 00:10:15
160,Esperance,-33.8667,121.9,296.06,47,21,6.5,AU,2022-10-20 00:10:16
161,Fuxin,42.0156,121.6589,285.43,44,2,3.62,CN,2022-10-20 00:10:17
162,Banjar,-8.19,114.9675,300.83,81,100,1.2,ID,2022-10-20 00:10:17
163,Barcelona,41.3888,2.159,296.36,84,40,3.09,ES,2022-10-20 00:10:18
164,Caravelas,-17.7125,-39.2481,296.31,79,25,3.57,BR,2022-10-20 00:10:19
165,Arraial Do Cabo,-22.9661,-42.0278,295.47,89,100,10.39,BR,2022-10-20 00:10:20
166,Narsaq,60.9167,-46.05,275.27,64,14,7.01,GL,2022-10-20 00:10:20
167,Sangmelima,2.9333,11.9833,293.25,99,100,1.43,CM,2022-10-20 00:10:21
168,Tuatapere,-46.1333,167.6833,283.65,73,81,6.21,NZ,2022-10-20 00:10:22
169,Mbala,-8.8402,31.3659,290.63,39,71,3.07,ZM,2022-10-20 00:10:23
170,Neiafu,-18.65,-173.9833,301.53,78,75,3.09,TO,2022-10-20 00:10:23
171,Port Alfred,-33.5906,26.891,297.37,71,43,3.9,ZA,2022-10-20 00:10:24
172,Winchester,51.0651,-1.3187,290.2,91,100,2.57,GB,2022-10-20 00:06:15
173,Vegreville,53.5001,-112.0518,289.81,25,51,3.09,CA,2022-10-20 00:07:29
174,Pevek,69.7008,170.3133,272.17,95,100,2.51,RU,2022-10-20 00:10:25
175,Susanville,40.4163,-120.653,299.63,15,0,2.57,US,2022-10-20 00:10:26
176,Laguna,38.421,-121.4238,307.12,25,0,0.0,US,2022-10-20 00:10:27
177,Provideniya,64.3833,-173.3,275.21,100,100,9.83,RU,2022-10-20 00:10:28
178,Oranjemund,-28.55,16.4333,288.1,95,18,2.92,NA,2022-10-20 00:10:29
179,Kansanshi,-12.0951,26.4273,290.49,39,24,1.81,ZM,2022-10-20 00:10:29
180,Stony Plain,53.5334,-114.0021,292.57,37,68,2.18,CA,2022-10-20 00:06:31
181,Mombetsu,44.3525,143.3525,284.96,60,10,7.07,JP,2022-10-20 00:11:30
182,Airai,-8.9266,125.4092,293.53,76,86,0.26,TL,2022-10-20 00:11:31
183,Fortuna,40.5982,-124.1573,287.66,94,0,4.63,US,2022-10-20 00:11:31
184,Rio Cuarto,-33.1307,-64.3499,290.19,94,75,6.69,AR,2022-10-20 00:11:32
185,Te Anau,-45.4167,167.7167,280.89,87,74,3.75,NZ,2022-10-20 00:11:32
186,Heishan,41.6892,122.1128,287.94,59,2,7.01,CN,2022-10-20 00:11:33
187,Nueve De Julio,-35.4444,-60.8831,293.13,67,100,2.94,AR,2022-10-20 00:11:33
188,Genhe,50.7833,121.5167,273.88,65,60,1.16,CN,2022-10-20 00:11:33
189,Hervey Bay,-25.2986,152.8535,294.83,89,100,4.02,AU,2022-10-20 00:11:34
190,Ambon,-3.6954,128.1814,304.23,74,20,1.03,ID,2022-10-20 00:11:34
191,Beaverton,45.4871,-122.8037,298.19,54,100,2.57,US,2022-10-20 00:07:00
192,Wamba,8.9333,8.6,296.43,73,69,1.21,NG,2022-10-20 00:11:34
193,General Pico,-35.6566,-63.7568,289.26,76,100,2.85,AR,2022-10-20 00:11:35
194,Sechenovo,55.2244,45.8906,276.48,94,59,1.97,RU,2022-10-20 00:11:35
195,Aykhal,66.0,111.5,264.24,91,100,4.21,RU,2022-10-20 00:11:36
196,Porosozero,62.7191,32.727,273.4,96,99,3.55,RU,2022-10-20 00:11:36
197,Nikolskoye,59.7035,30.7861,275.25,91,67,2.01,RU,2022-10-20 00:11:36
198,Lazaro Cardenas,17.9583,-102.2,299.67,85,93,2.19,MX,2022-10-20 00:09:23
199,Jieshou,33.2634,115.3611,285.77,60,34,5.35,CN,2022-10-20 00:11:37
200,Rio Gallegos,-51.6226,-69.2181,282.18,49,75,9.26,AR,2022-10-20 00:10:16
201,Nanortalik,60.1432,-45.2371,274.33,80,51,14.21,GL,2022-10-20 00:11:38
202,Pisco,-13.7,-76.2167,289.18,82,0,7.2,PE,2022-10-20 00:11:38
203,Thinadhoo,0.5333,72.9333,300.6,76,100,5.1,MV,2022-10-20 00:11:38
204,Cayenne,4.9333,-52.3333,300.17,83,0,2.06,GF,2022-10-20 00:11:39
205,Kyshtovka,56.555,76.6271,277.55,92,100,4.57,RU,2022-10-20 00:11:39
206,Mar Del Plata,-38.0023,-57.5575,289.87,95,100,9.39,AR,2022-10-20 00:07:48
207,Fort-Shevchenko,44.5086,50.263,290.42,80,100,11.47,KZ,2022-10-20 00:11:40
208,Gorontalo,0.5412,123.0595,300.94,80,96,0.47,ID,2022-10-20 00:11:40
209,Letterkenny,54.95,-7.7333,284.24,89,100,6.98,IE,2022-10-20 00:11:40
210,Severnyy-Kospashskiy,59.0925,57.8008,273.21,92,97,3.05,RU,2022-10-20 00:11:41
211,Honningsvag,70.9821,25.9704,276.01,70,40,10.8,NO,2022-10-20 00:11:42
212,Aloleng,16.1307,119.7824,299.2,83,100,2.1,PH,2022-10-20 00:11:42
213,La Esperanza,14.8667,-91.5667,287.08,98,89,1.18,GT,2022-10-20 00:11:43
214,Yarmouth,41.7057,-70.2286,284.81,68,75,6.26,US,2022-10-20 00:11:43
215,Touros,-5.1989,-35.4608,298.64,77,26,8.48,BR,2022-10-20 00:11:44
216,Bathsheba,13.2167,-59.5167,300.49,89,40,5.14,BB,2022-10-20 00:11:44
217,Nyrob,60.733,56.7202,274.2,96,97,3.51,RU,2022-10-20 00:11:45
218,Araguaina,-7.1911,-48.2072,302.12,36,47,1.25,BR,2022-10-20 00:11:45
219,Bismil,37.8486,40.6658,291.21,51,65,0.82,TR,2022-10-20 00:11:46
220,Lagoa,39.05,-27.9833,291.94,65,100,11.04,PT,2022-10-20 00:11:46
221,Lahaina,20.8783,-156.6825,304.15,74,13,3.66,US,2022-10-20 00:11:46
222,Watrous,51.6668,-105.4679,285.03,43,49,1.03,CA,2022-10-20 00:11:47
223,Cidreira,-30.1811,-50.2056,290.67,94,22,2.78,BR,2022-10-20 00:11:47
224,Hetauda,27.4284,85.0322,292.79,74,0,2.1,NP,2022-10-20 00:11:47
225,Souillac,-20.5167,57.5167,292.36,77,40,1.03,MU,2022-10-20 00:11:48
226,Capao Da Canoa,-29.7456,-50.0097,291.19,94,72,1.77,BR,2022-10-20 00:12:48
227,Iralaya,15.0,-83.2333,299.44,84,31,2.95,HN,2022-10-20 00:12:49
228,Tilichiki,60.4667,166.1,269.42,71,99,4.23,RU,2022-10-20 00:12:49
229,Codrington,-38.2667,141.9667,289.71,68,9,4.06,AU,2022-10-20 00:12:49
230,Qaqortoq,60.7167,-46.0333,274.55,63,9,13.82,GL,2022-10-20 00:12:50
231,Vozhega,60.4725,40.2213,274.46,85,86,2.33,RU,2022-10-20 00:12:50
232,Kailua,21.4022,-157.7394,300.14,77,75,6.17,US,2022-10-20 00:12:50
233,San Buenaventura,27.0833,-101.5333,295.08,52,0,0.0,MX,2022-10-20 00:12:51
234,Ahipara,-35.1667,173.1667,289.56,63,14,5.79,NZ,2022-10-20 00:12:52
235,Marathon,44.9,-89.7668,276.89,59,0,1.54,US,2022-10-20 00:12:52
236,Dolores,-36.3132,-57.6792,286.88,96,79,2.78,AR,2022-10-20 00:12:52
237,George Town,5.4112,100.3354,300.5,81,20,1.54,MY,2022-10-20 00:12:53
238,Skibbereen,51.55,-9.2667,287.65,94,86,5.7,IE,2022-10-20 00:12:53
239,Kloulklubed,7.0419,134.2556,303.43,74,100,5.38,PW,2022-10-20 00:12:53
240,Stawell,-37.05,142.7667,291.99,71,7,3.99,AU,2022-10-20 00:12:54
241,Nome,64.5011,-165.4064,277.19,81,100,8.23,US,2022-10-20 00:12:54
242,Kulhudhuffushi,6.6221,73.07,300.35,79,79,7.66,MV,2022-10-20 00:12:54
243,Parrita,9.5201,-84.3225,298.82,89,78,1.5,CR,2022-10-20 00:12:55
244,Cabedelo,-6.9811,-34.8339,297.52,72,9,6.77,BR,2022-10-20 00:12:55
245,Basco,20.4487,121.9702,299.46,84,100,14.23,PH,2022-10-20 00:12:56
246,Weiser,44.251,-116.9693,297.77,29,8,1.52,US,2022-10-20 00:12:56
247,Tutoia,-2.7619,-42.2744,299.68,82,15,5.71,BR,2022-10-20 00:12:56
248,Muisne,0.6,-80.0333,296.8,83,99,4.07,EC,2022-10-20 00:12:57
249,Louis Trichardt,-23.0439,29.9032,290.57,67,35,2.91,ZA,2022-10-20 00:12:57
250,Veraval,20.9,70.3667,298.35,50,9,3.95,IN,2022-10-20 00:12:58
251,Payo,-3.7508,103.6372,296.27,98,100,0.47,ID,2022-10-20 00:12:58
252,Kalabo,-14.97,22.6814,295.08,49,68,4.15,ZM,2022-10-20 00:12:58
253,Zhangye,38.9342,100.4517,284.14,18,100,0.65,CN,2022-10-20 00:12:59
254,Lompoc,34.6391,-120.4579,305.23,43,0,4.12,US,2022-10-20 00:12:59
255,Fernie,49.5,-115.0687,293.2,34,55,1.41,CA,2022-10-20 00:13:00
256,Mackay,-21.15,149.2,298.82,81,79,3.13,AU,2022-10-20 00:13:00
257,Alta,69.9689,23.2717,275.48,80,75,8.75,NO,2022-10-20 00:13:01
258,Khani,41.9563,42.9566,284.91,81,98,1.05,GE,2022-10-20 00:13:02
259,Mehamn,71.0357,27.8492,275.12,60,75,14.4,NO,2022-10-20 00:13:02
260,San Policarpo,12.1791,125.5072,300.22,83,99,4.46,PH,2022-10-20 00:13:03
261,Woodstock,43.1334,-80.7497,276.29,93,100,4.47,CA,2022-10-20 00:10:53
262,Constitucion,-35.3333,-72.4167,284.22,93,9,3.69,CL,2022-10-20 00:13:04
263,Klaksvik,62.2266,-6.589,278.66,71,44,5.3,FO,2022-10-20 00:13:04
264,Moron,-34.6534,-58.6198,293.74,83,99,3.27,AR,2022-10-20 00:13:05
265,Katete,-0.7818,29.7544,289.44,91,99,0.98,UG,2022-10-20 00:13:05
266,Lata,40.1629,-8.3327,286.52,96,8,2.15,PT,2022-10-20 00:13:06
267,Cape Canaveral,28.4058,-80.6048,292.03,70,75,7.2,US,2022-10-20 00:13:06
268,Mercedes,-34.6515,-59.4307,293.12,72,100,2.96,AR,2022-10-20 00:13:07
269,Alice Springs,-23.7,133.8833,292.9,64,0,3.09,AU,2022-10-20 00:13:07
270,Sao Filipe,14.8961,-24.4956,299.31,80,28,1.2,CV,2022-10-20 00:13:08
271,Koshurnikovo,54.1667,93.3,271.95,96,98,1.09,RU,2022-10-20 00:13:08
272,Lebu,-37.6167,-73.65,283.5,91,58,3.28,CL,2022-10-20 00:14:09
273,Port Blair,11.6667,92.75,300.17,78,75,3.6,IN,2022-10-20 00:14:10
274,Galveston,29.3669,-94.9669,291.21,41,0,0.0,US,2022-10-20 00:14:10
275,Vila Velha,-20.3297,-40.2925,295.12,97,100,2.06,BR,2022-10-20 00:12:26
276,Qaanaaq,77.484,-69.3632,254.77,68,0,4.75,GL,2022-10-20 00:14:11
277,Coquimbo,-29.9533,-71.3436,286.0,87,0,2.57,CL,2022-10-20 00:14:12
278,Husavik,66.0449,-17.3389,273.88,77,100,4.51,IS,2022-10-20 00:14:12
279,Bereda,43.2686,-7.5406,285.6,89,18,3.8,ES,2022-10-20 00:14:13
280,Port Hardy,50.6996,-127.4199,286.25,90,100,2.12,CA,2022-10-20 00:10:06
281,Yulara,-25.2406,130.9889,294.23,49,0,1.41,AU,2022-10-20 00:14:13
282,Krasnyy Kurgan,43.9422,42.6108,277.64,60,89,1.12,RU,2022-10-20 00:14:14
283,Kenai,60.5544,-151.2583,282.2,77,75,6.69,US,2022-10-20 00:14:14
284,Dunedin,-45.8742,170.5036,286.0,55,71,1.81,NZ,2022-10-20 00:10:52
285,Ilhabela,-23.7781,-45.3581,294.89,94,29,2.76,BR,2022-10-20 00:14:15
286,Vila,42.0304,-8.1588,282.64,91,45,3.09,PT,2022-10-20 00:14:16
287,Mahon,39.8885,4.2658,294.46,100,75,4.12,ES,2022-10-20 00:14:16
288,Ikovka,55.6089,64.9375,277.63,90,100,3.02,RU,2022-10-20 00:14:17
289,Halifax,44.6453,-63.5724,292.09,97,100,9.77,CA,2022-10-20 00:10:50
290,Dutse,11.7594,9.3392,297.88,32,32,1.8,NG,2022-10-20 00:14:18
291,Harper,4.375,-7.7169,297.78,88,88,2.96,LR,2022-10-20 00:14:18
292,San Patricio,28.017,-97.5169,294.56,29,0,2.67,US,2022-10-20 00:14:19
293,Riyadh,24.6877,46.7219,293.23,16,3,2.53,SA,2022-10-20 00:14:19
294,Prado,-17.3411,-39.2208,296.92,77,21,4.62,BR,2022-10-20 00:11:43
295,Marsa Matruh,31.3525,27.2453,293.51,75,0,1.0,EG,2022-10-20 00:14:20
296,Mandera,3.9366,41.867,299.4,57,100,7.3,KE,2022-10-20 00:14:21
297,Odweyne,9.4092,45.064,295.76,60,13,2.92,SO,2022-10-20 00:14:21
298,Posse,-14.0931,-46.3694,300.97,20,70,3.74,BR,2022-10-20 00:14:22
299,Kruisfontein,-34.0033,24.7314,293.3,69,84,12.27,ZA,2022-10-20 00:14:22
300,Belyy Yar,53.6039,91.3903,272.09,91,0,3.0,RU,2022-10-20 00:14:23
301,Geraldton,-28.7667,114.6,293.38,73,100,0.51,AU,2022-10-20 00:10:17
302,Denpasar,-8.65,115.2167,299.96,100,40,1.54,ID,2022-10-20 00:14:23
303,Zlitan,32.4674,14.5687,294.9,59,6,1.15,LY,2022-10-20 00:14:24
304,Norman Wells,65.282,-126.8329,273.17,93,100,6.17,CA,2022-10-20 00:11:56
305,Hamilton,39.1834,-84.5333,282.51,44,0,4.63,US,2022-10-20 00:10:52
306,Cherskiy,68.75,161.3,268.84,94,100,3.36,RU,2022-10-20 00:14:24
307,Praia Da Vitoria,38.7333,-27.0667,291.29,82,20,9.89,PT,2022-10-20 00:14:25
308,Mahebourg,-20.4081,57.7,292.31,77,40,1.03,MU,2022-10-20 00:14:25
309,Natchitoches,31.7668,-93.1335,283.62,57,0,0.0,US,2022-10-20 00:14:25
310,Mackenzie,55.2999,-123.1698,287.27,35,100,5.14,CA,2022-10-20 00:14:26
311,Mount Pleasant,32.7941,-79.8626,284.82,76,0,1.54,US,2022-10-20 00:14:26
312,Prieska,-29.6641,22.7474,295.76,37,36,2.26,ZA,2022-10-20 00:14:27
313,College,64.8569,-147.8028,277.48,91,100,0.0,US,2022-10-20 00:14:27
314,Avon Park,27.5959,-81.5062,289.77,74,95,2.91,US,2022-10-20 00:13:58
315,Lasa,46.6166,10.7002,283.35,74,72,0.86,IT,2022-10-20 00:14:27
316,Colborne,44.0001,-77.8828,280.85,88,92,8.0,CA,2022-10-20 00:14:28
317,Saint-Philippe,-21.3585,55.7679,291.92,72,27,3.31,RE,2022-10-20 00:15:28
318,Vidim,56.4088,103.1106,273.66,98,99,2.37,RU,2022-10-20 00:15:29
319,Butte,39.6499,-121.5677,306.09,18,0,1.54,US,2022-10-20 00:15:29
320,Natal,-5.795,-35.2094,298.45,75,30,6.69,BR,2022-10-20 00:12:07
321,Contamana,-7.3333,-75.0167,299.47,78,90,1.49,PE,2022-10-20 00:15:30
322,Salalah,17.0151,54.0924,297.2,69,0,2.06,OM,2022-10-20 00:15:30
323,Bandarbeyla,9.4942,50.8122,298.73,86,89,5.4,SO,2022-10-20 00:15:31
324,Pontes E Lacerda,-15.2261,-59.3353,299.12,70,58,1.28,BR,2022-10-20 00:15:31
325,Kiunga,-6.1219,141.2906,302.45,68,99,0.31,PG,2022-10-20 00:15:32
326,Bengkulu,-3.8004,102.2655,296.61,91,100,1.25,ID,2022-10-20 00:15:32
327,Paulo Afonso,-9.4061,-38.2147,296.58,69,62,6.08,BR,2022-10-20 00:14:54
328,Gurabo,18.2544,-65.9729,301.16,86,10,0.45,PR,2022-10-20 00:15:05
329,Nouadhibou,20.931,-17.0347,298.14,57,0,7.72,MR,2022-10-20 00:15:33
330,Kuna,43.4918,-116.4201,296.4,27,0,2.57,US,2022-10-20 00:11:34
331,Balakhninskiy,58.0106,114.2769,267.55,97,92,0.48,RU,2022-10-20 00:15:33
332,Brodick,55.5754,-5.1472,283.21,85,100,10.83,GB,2022-10-20 00:15:34
333,Kuruman,-27.4524,23.4325,293.44,47,61,3.72,ZA,2022-10-20 00:15:34
334,Isangel,-19.55,169.2667,302.21,74,75,3.09,VU,2022-10-20 00:15:35
335,Huarmey,-10.0681,-78.1522,289.91,85,82,4.62,PE,2022-10-20 00:15:35
336,Hofn,64.2539,-15.2082,279.05,65,4,2.15,IS,2022-10-20 00:15:35
337,Severo-Kurilsk,50.6789,156.125,278.94,65,70,13.87,RU,2022-10-20 00:15:36
338,Port Hedland,-20.3167,118.5667,304.18,16,0,5.66,AU,2022-10-20 00:15:21
339,Kavieng,-2.5744,150.7967,302.82,66,100,3.92,PG,2022-10-20 00:15:36
340,Los Llanos De Aridane,28.6585,-17.9182,292.01,74,20,3.09,ES,2022-10-20 00:15:37
341,Nemuro,43.3236,145.575,283.49,66,2,3.43,JP,2022-10-20 00:14:20
342,Lufilufi,-13.8745,-171.5986,306.03,76,30,4.35,WS,2022-10-20 00:15:38
343,Mildura,-34.2,142.15,294.13,83,100,6.17,AU,2022-10-20 00:15:38
344,Adrar,20.5022,-10.0711,302.99,13,35,3.85,MR,2022-10-20 00:15:39
345,Nantucket,41.2835,-70.0995,284.26,68,37,10.05,US,2022-10-20 00:13:20
346,Winona,43.9666,-91.7668,277.07,41,0,1.54,US,2022-10-20 00:15:39
347,Port Augusta,-32.5,137.7667,293.42,55,84,7.13,AU,2022-10-20 00:15:39
348,Okakarara,-20.5833,17.4333,294.17,47,64,2.36,NA,2022-10-20 00:15:40
349,Sorland,67.667,12.6934,278.07,67,97,3.86,NO,2022-10-20 00:15:40
350,Poum,-20.2333,164.0167,298.02,70,44,4.27,NC,2022-10-20 00:15:41
351,Udachnyy,66.4167,112.4,263.67,90,99,2.31,RU,2022-10-20 00:15:41
352,Urumqi,43.801,87.6005,278.68,87,0,1.0,CN,2022-10-20 00:15:42
353,Port Macquarie,-31.4333,152.9167,293.65,94,75,5.14,AU,2022-10-20 00:11:27
354,Prainha,-1.8,-53.48,297.16,93,67,1.1,BR,2022-10-20 00:15:43
355,Mahanje,-9.9333,35.3333,289.55,62,84,1.64,TZ,2022-10-20 00:15:43
356,Hay River,60.8156,-115.7999,285.14,71,20,5.66,CA,2022-10-20 00:15:44
357,Tuy Hoa,13.0833,109.3,298.29,87,96,2.42,VN,2022-10-20 00:10:47
358,Broken Hill,-31.95,141.4333,293.82,65,92,3.92,AU,2022-10-20 00:15:45
359,Oussouye,12.485,-16.5469,299.95,82,40,2.29,SN,2022-10-20 00:15:46
360,Vung Tau,10.346,107.0843,299.92,80,64,6.29,VN,2022-10-20 00:15:46
361,Santa Maria,-29.6842,-53.8069,291.27,90,30,2.89,BR,2022-10-20 00:12:23
362,Sao Miguel,-5.4667,-35.3667,298.58,78,43,8.67,BR,2022-10-20 00:15:47
363,Talavera De La Reina,39.9635,-4.8308,289.37,69,97,1.96,ES,2022-10-20 00:15:47
364,Yatou,37.15,122.3833,287.51,64,34,2.54,CN,2022-10-20 00:16:48
365,Lorengau,-2.0226,147.2712,303.29,61,91,3.21,PG,2022-10-20 00:16:48
366,Khandyga,62.6667,135.6,263.52,91,100,1.32,RU,2022-10-20 00:16:48
367,Iqaluit,63.7506,-68.5145,270.0,68,75,12.86,CA,2022-10-20 00:16:49
368,Astoria,46.1879,-123.8313,295.21,78,0,5.66,US,2022-10-20 00:15:24
369,Tahta,26.7693,31.5021,295.29,44,1,3.7,EG,2022-10-20 00:16:50
370,Saint-Pierre,-21.3393,55.4781,291.99,63,0,2.57,RE,2022-10-20 00:16:50
371,Kargasok,59.0556,80.8572,276.8,85,100,5.19,RU,2022-10-20 00:16:50
372,Vostok,46.4856,135.8833,278.73,47,47,3.69,RU,2022-10-20 00:16:51
373,Laredo,27.5064,-99.5075,296.29,43,0,2.57,US,2022-10-20 00:15:12
374,Naze,28.3667,129.4833,295.66,59,6,9.73,JP,2022-10-20 00:16:51
375,Puerto Escondido,15.85,-97.0667,297.61,69,100,2.06,MX,2022-10-20 00:16:52
376,Vardo,70.3705,31.1107,275.14,64,40,11.32,NO,2022-10-20 00:16:52
377,Georgetown,5.4112,100.3354,300.5,81,20,1.54,MY,2022-10-20 00:12:53
378,Egvekinot,66.3167,-179.1667,272.2,98,100,7.94,RU,2022-10-20 00:16:53
379,Trinidad,-14.8333,-64.9,298.63,85,69,1.61,BO,2022-10-20 00:16:54
380,Road Town,18.4167,-64.6167,301.2,89,20,2.06,VG,2022-10-20 00:16:54
381,Rexburg,43.826,-111.7897,293.88,33,18,1.89,US,2022-10-20 00:15:23
382,Ostrovnoy,68.0531,39.5131,275.42,68,86,17.45,RU,2022-10-20 00:16:54
383,Lodwar,3.1191,35.5973,301.58,42,61,6.68,KE,2022-10-20 00:16:55
384,Cukai,4.25,103.4167,299.47,87,100,1.23,MY,2022-10-20 00:16:55
385,Pangai,-19.8,-174.35,300.21,69,75,1.03,TO,2022-10-20 00:16:56
386,Ust-Kuyga,70.0167,135.6,255.89,95,79,2.96,RU,2022-10-20 00:12:14
387,Batagay,67.6333,134.6333,258.38,88,100,1.4,RU,2022-10-20 00:12:20
388,Noumea,-22.2763,166.4572,300.14,70,72,7.94,NC,2022-10-20 00:13:29
389,Mezhdurechensk,53.6942,88.0603,274.23,87,100,1.69,RU,2022-10-20 00:16:57
390,Pangnirtung,66.1451,-65.7125,265.28,69,76,3.21,CA,2022-10-20 00:16:58
391,Hasaki,35.7333,140.8333,289.42,48,0,6.83,JP,2022-10-20 00:16:58
392,Colac,-38.3333,143.5833,290.84,55,6,3.63,AU,2022-10-20 00:16:59
393,Malinyi,-8.9333,36.1333,294.77,65,28,2.17,TZ,2022-10-20 00:16:59
394,Guaimaro,21.05,-77.35,296.36,90,46,1.7,CU,2022-10-20 00:16:59
395,Bambous Virieux,-20.3428,57.7575,292.29,77,40,1.03,MU,2022-10-20 00:17:00
396,Sandovo,58.4602,36.4128,274.28,90,80,1.85,RU,2022-10-20 00:17:01
397,Okha,53.5739,142.9478,278.45,68,88,6.84,RU,2022-10-20 00:17:01
398,Tinaquillo,9.9186,-68.3047,301.19,93,57,1.26,VE,2022-10-20 00:17:02
399,Okhotsk,59.3833,143.3,268.13,47,0,7.97,RU,2022-10-20 00:17:02
400,Meulaboh,4.1363,96.1285,297.35,87,100,1.1,ID,2022-10-20 00:17:02
401,Claveria,18.6074,121.0832,298.85,92,100,5.97,PH,2022-10-20 00:17:03
402,Lebedinyy,58.5167,125.5167,266.82,95,100,5.13,RU,2022-10-20 00:17:03
403,Teya,60.3778,92.6267,274.03,91,100,2.62,RU,2022-10-20 00:17:04
404,Green River,41.5286,-109.4662,293.37,24,14,0.89,US,2022-10-20 00:16:31
405,Kuybyshevo,47.8123,38.9073,283.94,56,100,1.59,RU,2022-10-20 00:17:05
406,Storforshei,66.4043,14.5233,279.63,100,100,1.54,NO,2022-10-20 00:17:05
407,Meadow Lake,34.8014,-106.5436,293.03,39,21,1.28,US,2022-10-20 00:17:05
408,Fort Nelson,58.8053,-122.7002,290.92,24,75,7.2,CA,2022-10-20 00:17:06
409,Erdenet,49.0333,104.0833,273.19,73,100,2.33,MN,2022-10-20 00:17:06
410,Verkh-Usugli,52.7,115.1667,271.52,68,58,1.23,RU,2022-10-20 00:17:07
411,Sao Joao Do Piaui,-8.3581,-42.2467,303.38,34,88,1.82,BR,2022-10-20 00:17:07
412,Grao Mogol,-16.5594,-42.8897,296.29,48,34,4.37,BR,2022-10-20 00:18:08
413,Ndele,8.4109,20.6473,295.84,75,98,0.59,CF,2022-10-20 00:18:08
414,Tamano,34.4833,133.95,290.37,62,0,1.72,JP,2022-10-20 00:18:09
415,Saint-Augustin,51.226,-58.6502,283.94,88,97,6.9,CA,2022-10-20 00:18:09
416,Itoman,26.1247,127.6694,298.36,63,40,8.23,JP,2022-10-20 00:18:10
417,Cosmopolis,-22.6458,-47.1961,296.98,65,39,2.8,BR,2022-10-20 00:14:02
418,Nizwa,22.9333,57.5333,295.47,24,60,0.63,OM,2022-10-20 00:18:11
419,Great Malvern,52.1116,-2.3252,288.39,91,100,2.68,GB,2022-10-20 00:18:11
420,Kirakira,-10.4544,161.9205,302.38,75,53,3.94,SB,2022-10-20 00:18:12
421,Sangar,63.9242,127.4739,263.51,95,95,1.3,RU,2022-10-20 00:18:12
422,Batagay-Alyta,67.8006,130.4114,260.6,87,100,0.91,RU,2022-10-20 00:18:13
423,Gainesville,29.6516,-82.3248,286.34,58,0,0.0,US,2022-10-20 00:13:16
424,Mocajuba,-2.5842,-49.5072,299.44,77,84,2.03,BR,2022-10-20 00:18:14
425,Kununurra,-15.7667,128.7333,304.14,66,96,2.06,AU,2022-10-20 00:17:37
426,Mizan Teferi,6.9833,35.5833,289.44,96,97,1.14,ET,2022-10-20 00:18:15
427,Mareeba,-17.0,145.4333,303.39,71,50,1.95,AU,2022-10-20 00:18:16
428,Manokwari,-0.8667,134.0833,298.13,88,100,4.91,ID,2022-10-20 00:18:16
429,Gornyy,55.1153,83.9059,276.21,77,100,7.07,RU,2022-10-20 00:18:17
430,Bubaque,11.2833,-15.8333,301.36,72,6,1.98,GW,2022-10-20 00:18:18
431,Baturaja,-4.1333,104.1667,296.93,97,100,0.78,ID,2022-10-20 00:17:08
432,Necochea,-38.5473,-58.7368,290.08,77,93,6.4,AR,2022-10-20 00:18:19
433,Nha Trang,12.25,109.1833,299.15,88,100,2.47,VN,2022-10-20 00:18:20
434,Osoyoos,49.0331,-119.4524,290.38,59,66,0.0,CA,2022-10-20 00:15:21
435,Anamur,36.0751,32.8369,294.61,63,3,3.09,TR,2022-10-20 00:18:20
436,Pizarro,4.9533,-77.366,297.51,91,100,2.95,CO,2022-10-20 00:18:21
437,Bilma,18.6853,12.9164,297.14,23,0,4.25,NE,2022-10-20 00:18:21
438,Inhambane,-23.865,35.3833,294.93,81,48,3.36,MZ,2022-10-20 00:18:22
439,Pombas,17.1503,-25.0201,298.03,80,16,5.94,CV,2022-10-20 00:18:23
440,Chernyakhovsk,54.6335,21.8156,276.8,83,26,1.94,RU,2022-10-20 00:18:23
441,Emerald,-23.5333,148.1667,297.23,83,75,5.66,AU,2022-10-20 00:18:24
442,Khatanga,71.9667,102.5,266.37,96,100,2.24,RU,2022-10-20 00:18:24
443,Pacific Grove,36.6177,-121.9166,304.12,33,40,0.0,US,2022-10-20 00:18:25
444,Khudumelapye,-23.8833,24.75,294.58,39,48,3.05,BW,2022-10-20 00:18:26
445,Clarksburg,39.2807,-80.3445,278.18,95,100,1.38,US,2022-10-20 00:14:05
446,Nhulunbuy,-12.2333,136.7667,304.49,62,40,3.09,AU,2022-10-20 00:18:27
447,Apple Valley,34.5008,-117.1859,302.54,26,1,7.06,US,2022-10-20 00:17:38
448,Barranca,-10.75,-77.7667,289.08,85,62,3.88,PE,2022-10-20 00:18:27
449,Ornskoldsvik,63.2909,18.7153,278.68,81,64,6.17,SE,2022-10-20 00:18:27
450,Polunochnoye,60.8697,60.4153,274.42,77,99,3.62,RU,2022-10-20 00:18:28
451,Collie,-33.3667,116.15,288.99,73,78,3.17,AU,2022-10-20 00:18:28
452,Abong Mbang,3.9833,13.1833,293.02,99,100,1.18,CM,2022-10-20 00:18:29
453,Dossor,47.5272,52.9811,284.19,81,23,4.23,KZ,2022-10-20 00:18:29
454,Ust-Nera,64.5667,143.2,256.02,96,65,2.18,RU,2022-10-20 00:18:30
455,Koumac,-20.5667,164.2833,299.9,61,21,3.18,NC,2022-10-20 00:19:30
456,Puerto Baquerizo Moreno,-0.9,-89.6,292.95,85,89,5.06,EC,2022-10-20 00:19:30
457,Cooma,-36.2333,149.1333,291.59,54,100,2.24,AU,2022-10-20 00:15:32
458,Yarada,17.65,83.2667,299.33,89,40,1.03,IN,2022-10-20 00:19:31
459,Castrillon,43.3979,-6.7922,284.79,79,29,2.5,ES,2022-10-20 00:19:31
460,Hecun,36.5333,114.1111,285.78,40,44,2.22,CN,2022-10-20 00:19:32
461,Taunggyi,20.7833,97.0333,286.47,82,0,0.62,MM,2022-10-20 00:16:07
462,Cairns,-16.9167,145.7667,305.96,70,27,3.6,AU,2022-10-20 00:14:34
463,Oskarshamn,57.2645,16.4484,276.74,84,4,3.03,SE,2022-10-20 00:19:33
464,Sakakah,29.9697,40.2064,294.91,14,100,2.6,SA,2022-10-20 00:18:30
465,Mayumba,-3.432,10.6554,297.91,88,97,3.33,GA,2022-10-20 00:19:33
466,Los Andes,-32.8337,-70.5983,287.6,58,69,0.4,CL,2022-10-20 00:15:39
467,Vestmannaeyjar,63.4427,-20.2734,279.92,76,100,2.44,IS,2022-10-20 00:19:34
468,Peniche,39.3558,-9.3811,289.98,92,0,7.7,PT,2022-10-20 00:19:34
469,Ashtian,34.5217,50.0019,283.1,59,31,1.68,IR,2022-10-20 00:19:35
470,Tra Vinh,9.9347,106.3453,297.8,93,99,3.0,VN,2022-10-20 00:19:35
471,Ekhabi,53.5102,142.9671,278.22,67,92,6.39,RU,2022-10-20 00:19:36
472,Samarai,-10.6167,150.6667,302.44,71,24,5.24,PG,2022-10-20 00:19:36
473,Lublin,51.0,23.0,276.7,91,21,4.23,PL,2022-10-20 00:19:36
474,Jalu,29.0331,21.5482,295.23,50,77,2.7,LY,2022-10-20 00:19:37
475,Sola,-13.8833,167.55,300.9,75,77,7.68,VU,2022-10-20 00:19:37
476,Seoul,37.5683,126.9778,284.91,71,0,0.51,KR,2022-10-20 00:15:17
477,Antofagasta,-23.65,-70.4,288.75,80,29,2.54,CL,2022-10-20 00:15:03
478,Karratha,-20.7377,116.8463,299.38,57,0,2.96,AU,2022-10-20 00:14:41
479,Finschhafen,-6.6024,147.8681,302.87,65,83,3.08,PG,2022-10-20 00:19:38
480,Evensk,61.95,159.2333,266.03,70,100,3.89,RU,2022-10-20 00:19:38
481,Itarema,-2.9248,-39.9167,299.3,81,39,8.05,BR,2022-10-20 00:19:39
482,Valdemarpils,57.3707,22.5919,280.06,73,89,3.72,LV,2022-10-20 00:19:39
483,Loikaw,19.6742,97.2094,289.17,86,0,1.32,MM,2022-10-20 00:19:40
484,Riverton,40.5219,-111.9391,294.89,34,0,2.57,US,2022-10-20 00:19:40
485,Nuuk,64.1835,-51.7216,271.49,86,75,2.06,GL,2022-10-20 00:15:20
486,Chiredzi,-21.05,31.6667,294.05,51,78,2.73,ZW,2022-10-20 00:19:41
487,Takoradi,4.8845,-1.7554,297.93,89,27,3.52,GH,2022-10-20 00:19:41
488,Edwardsville,38.8114,-89.9532,281.48,43,0,2.06,US,2022-10-20 00:19:36
489,Vilhena,-12.7406,-60.1458,293.42,95,98,1.8,BR,2022-10-20 00:15:54
490,Manado,1.487,124.8455,302.58,79,40,1.54,ID,2022-10-20 00:19:32
491,Abha,18.2164,42.5053,287.05,26,0,0.0,SA,2022-10-20 00:19:42
492,Anjad,22.0333,75.05,295.2,70,5,2.58,IN,2022-10-20 00:19:43
493,Honiara,-9.4333,159.95,303.73,66,61,1.52,SB,2022-10-20 00:15:20
494,Yerbogachen,61.2767,108.0108,270.29,91,94,3.29,RU,2022-10-20 00:19:43
495,Otradnoye,59.7775,30.8181,275.34,91,70,2.01,RU,2022-10-20 00:19:43
496,Novopokrovka,49.8425,36.5477,280.64,88,75,2.52,UA,2022-10-20 00:19:44
497,Phan Thiet,10.9333,108.1,298.43,86,95,2.56,VN,2022-10-20 00:19:44
498,Waipawa,-41.4122,175.5153,288.23,51,24,5.92,NZ,2022-10-20 00:19:44
499,Port-Cartier,50.0334,-66.8654,283.27,98,100,6.47,CA,2022-10-20 00:19:45
500,Zabaykalsk,49.6333,117.3167,278.46,45,100,0.83,RU,2022-10-20 00:17:40
501,Uspenka,48.3903,39.1619,283.44,74,100,2.13,UA,2022-10-20 00:19:45
502,Jiangyou,31.7667,104.7167,290.65,66,100,1.15,CN,2022-10-20 00:19:46
503,Masuguru,-11.3667,38.4167,294.36,80,40,1.47,TZ,2022-10-20 00:20:46
504,Baruun-Urt,46.6806,113.2792,278.32,32,55,1.91,MN,2022-10-20 00:20:46
505,Timmins,48.4669,-81.3331,271.05,93,100,2.57,CA,2022-10-20 00:20:47
506,Viedma,-40.8135,-62.9967,294.71,47,85,6.58,AR,2022-10-20 00:20:47
507,Acari,-15.4311,-74.6158,292.01,73,56,1.74,PE,2022-10-20 00:20:48
508,Vila Do Maio,15.1333,-23.2167,298.59,81,59,3.94,CV,2022-10-20 00:20:48
509,Usvyaty,55.7456,30.7533,276.73,88,100,6.08,RU,2022-10-20 00:20:49
510,Vilyuysk,63.7553,121.6247,263.43,94,90,2.83,RU,2022-10-20 00:20:49
511,Penarroya-Pueblonuevo,38.3,-5.2667,290.07,79,100,3.31,ES,2022-10-20 00:20:50
512,Salmo,49.1999,-117.2689,289.86,63,85,1.11,CA,2022-10-20 00:20:50
513,Nipawin,53.3668,-104.0009,286.17,50,0,1.03,CA,2022-10-20 00:20:51
514,Tekeli,44.83,78.8239,274.63,79,100,2.51,KZ,2022-10-20 00:20:51
515,Mormugao,15.4,73.8,297.67,90,68,2.56,IN,2022-10-20 00:20:52
516,Ouesso,1.6136,16.0517,294.64,99,100,0.21,CG,2022-10-20 00:20:52
517,Shache,38.4167,77.2406,282.43,33,100,2.92,CN,2022-10-20 00:16:09
518,Fremont,37.5483,-121.9886,307.08,28,40,3.09,US,2022-10-20 00:20:53
519,Nebbi,2.4783,31.0889,292.02,87,89,1.91,UG,2022-10-20 00:20:53
520,Padang,-0.9492,100.3543,295.18,85,100,1.71,ID,2022-10-20 00:20:53
521,Asyut,27.181,31.1837,295.08,44,0,3.36,EG,2022-10-20 00:20:54
522,Darhan,49.4867,105.9228,275.21,74,100,2.53,MN,2022-10-20 00:20:55
523,Tazovskiy,67.4667,78.7,274.92,97,100,7.6,RU,2022-10-20 00:20:56
524,Pio Xii,-3.8325,-45.1525,299.69,72,48,3.92,BR,2022-10-20 00:20:57
525,Plettenberg Bay,-34.0527,23.3716,291.66,72,27,6.47,ZA,2022-10-20 00:20:58
526,Tezu,27.9167,96.1667,291.43,82,2,1.68,IN,2022-10-20 00:20:58
527,Dom Pedro,-4.4833,-44.45,301.99,53,51,2.6,BR,2022-10-20 00:20:59
528,Sumedang,-6.8592,107.9207,297.03,88,100,0.78,ID,2022-10-20 00:20:59
529,Burayevo,55.8407,55.4083,277.34,88,95,1.46,RU,2022-10-20 00:21:00
530,Bocaiuva,-17.1078,-43.815,298.99,40,58,6.35,BR,2022-10-20 00:21:00
531,Chihuahua,28.5,-106.0,290.61,56,80,2.31,MX,2022-10-20 00:13:28
532,Garowe,8.4054,48.4845,297.4,76,31,4.95,SO,2022-10-20 00:21:01
533,Svetlyy,54.675,20.1347,282.02,57,96,3.88,RU,2022-10-20 00:21:01
534,Kasulu,-4.5767,30.1025,291.16,89,86,1.87,TZ,2022-10-20 00:21:01
535,Hede,33.7681,120.2517,288.48,61,7,3.51,CN,2022-10-20 00:21:02
536,Sao Joao Da Barra,-21.6403,-41.0511,297.2,84,92,8.62,BR,2022-10-20 00:21:02
537,Leshukonskoye,64.8989,45.7622,275.07,96,100,5.98,RU,2022-10-20 00:21:03
538,Artyom,40.4723,50.333,292.23,80,42,10.54,AZ,2022-10-20 00:21:04
539,Marovoay,-16.1,46.6333,293.85,62,0,2.23,MG,2022-10-20 00:21:05
540,Barsinghausen,52.3105,9.4561,281.78,86,95,3.76,DE,2022-10-20 00:21:06
